"distance","percent_connected","connectance","modularity","global_trans","local_trans","comp_number","comp_largest","comp_fraction","prob_connectivity","scenario"
50,98.1216457960644,0.0135841756045375,0.810392380641452,0.110847618113343,0.774770765488538,57,764,0.683363148479428,0.963801318547846,"pres"
50,97.3733583489681,0.0131983898387196,0.840732303458625,0.13953488372093,0.793104787803076,61,705,0.661350844277674,0.967242738895051,"ssp245"
50,95.1653944020356,0.0382458326842187,0.831879004244309,0.566083445491252,0.700517958263394,35,306,0.778625954198473,0.843912150380302,"ssp585"
